marca_tiempo,id_maquina,linea,temperatura_c,vibracion_mm_s,presion_bar,unidades_producidas,estado
2025-06-02 06:00:00,MAQ-01,Linea A,58.92,2.738,4.939,141,OK
2025-06-02 06:15:00,MAQ-03,Linea B,71.72,2.958,5.03,153,OK
2025-06-02 06:30:00,MAQ-02,Linea A,67.93,1.284,5.315,117,OK
2025-06-02 06:45:00,MAQ-03,Linea B,73.1,3.32,5.999,105,OK
2025-06-02 07:00:00,MAQ-03,Linea B,69.37,4.427,5.017,85,OK
2025-06-02 07:15:00,MAQ-04,Linea B,75.93,1.374,4.197,160,OK
2025-06-02 07:30:00,MAQ-02,Linea A,60.89,1.889,5.222,107,OK
2025-06-02 07:45:00,MAQ-02,Linea A,67.56,3.345,5.092,118,OK
2025-06-02 08:00:00,MAQ-02,Linea A,69.04,2.516,5.729,81,OK
2025-06-02 08:15:00,MAQ-04,Linea B,57.42,3.045,4.961,97,OK
2025-06-02 08:30:00,MAQ-04,Linea B,56.72,3.512,5.535,140,OK
2025-06-02 08:45:00,MAQ-03,Linea B,62.85,1.301,5.769,135,OK
2025-06-02 09:00:00,MAQ-02,Linea A,73.34,2.404,5.082,158,OK
2025-06-02 09:15:00,MAQ-04,Linea B,93.17,3.15,4.965,125,ALARMA
2025-06-02 09:30:00,MAQ-04,Linea B,80.75,2.629,5.741,142,AVISO
2025-06-02 09:45:00,MAQ-04,Linea B,81.5,2.223,4.874,139,AVISO
2025-06-02 10:00:00,MAQ-03,Linea B,63.95,2.733,5.29,109,OK
2025-06-02 10:15:00,MAQ-01,Linea A,69.46,3.379,4.684,147,OK
2025-06-02 10:30:00,MAQ-03,Linea B,63.47,3.04,4.366,147,OK
2025-06-02 10:45:00,MAQ-01,Linea A,70.1,3.738,5.755,82,OK
2025-06-02 11:00:00,MAQ-03,Linea B,66.42,3.034,4.872,132,OK
2025-06-02 11:15:00,MAQ-01,Linea A,59.04,2.166,4.7,127,OK
2025-06-02 11:30:00,MAQ-04,Linea B,63.21,1.514,5.825,121,OK
2025-06-02 11:45:00,MAQ-03,Linea B,72.26,3.498,4.95,94,OK
2025-06-02 12:00:00,MAQ-03,Linea B,65.32,2.916,5.4,123,OK
2025-06-02 12:15:00,MAQ-01,Linea A,61.1,2.288,6.255,93,OK
2025-06-02 12:30:00,MAQ-02,Linea A,79.41,1.866,5.207,145,AVISO
2025-06-02 12:45:00,MAQ-02,Linea A,81.08,2.468,5.562,98,AVISO
2025-06-02 13:00:00,MAQ-02,Linea A,66.74,1.769,4.41,123,OK
2025-06-02 13:15:00,MAQ-03,Linea B,75.47,2.024,4.839,97,OK
2025-06-02 13:30:00,MAQ-01,Linea A,75.15,3.032,5.269,91,OK
2025-06-02 13:45:00,MAQ-02,Linea A,70.71,1.741,4.545,115,OK
2025-06-02 14:00:00,MAQ-03,Linea B,56.69,1.987,5.033,164,OK
2025-06-02 14:15:00,MAQ-04,Linea B,67.56,3.453,5.173,140,OK
2025-06-02 14:30:00,MAQ-01,Linea A,73.16,2.38,5.244,114,OK
2025-06-02 14:45:00,MAQ-03,Linea B,67.16,3.75,5.531,122,OK
2025-06-02 15:00:00,MAQ-04,Linea B,79.29,2.418,4.499,85,AVISO
2025-06-02 15:15:00,MAQ-03,Linea B,67.96,1.741,5.424,142,OK
2025-06-02 15:30:00,MAQ-04,Linea B,68.47,3.005,5.529,84,OK
2025-06-02 15:45:00,MAQ-01,Linea A,63.16,2.471,5.87,91,OK
2025-06-02 16:00:00,MAQ-01,Linea A,67.65,2.702,5.606,87,OK
2025-06-02 16:15:00,MAQ-04,Linea B,69.29,3.287,5.416,122,OK
2025-06-02 16:30:00,MAQ-01,Linea A,68.31,3.448,5.853,164,OK
2025-06-02 16:45:00,MAQ-02,Linea A,101.48,4.321,5.372,98,ALARMA
2025-06-02 17:00:00,MAQ-03,Linea B,78.79,3.423,4.628,164,AVISO
2025-06-02 17:15:00,MAQ-03,Linea B,76.77,1.596,5.643,118,AVISO
2025-06-02 17:30:00,MAQ-04,Linea B,77.67,1.601,5.332,147,AVISO
2025-06-02 17:45:00,MAQ-01,Linea A,68.36,3.139,5.639,145,OK
2025-06-02 18:00:00,MAQ-04,Linea B,55.66,1.581,5.737,114,OK
2025-06-02 18:15:00,MAQ-02,Linea A,60.74,1.361,5.829,133,OK
2025-06-02 18:30:00,MAQ-04,Linea B,63.21,1.993,5.486,123,OK
2025-06-02 18:45:00,MAQ-01,Linea A,68.87,2.033,4.853,84,OK
2025-06-02 19:00:00,MAQ-01,Linea A,58.85,2.606,5.038,89,OK
2025-06-02 19:15:00,MAQ-03,Linea B,71.91,2.486,6.383,107,OK
2025-06-02 19:30:00,MAQ-01,Linea A,66.68,1.35,4.728,111,OK
2025-06-02 19:45:00,MAQ-04,Linea B,72.75,3.044,5.577,117,OK
2025-06-02 20:00:00,MAQ-04,Linea B,78.29,0.969,5.478,96,AVISO
2025-06-02 20:15:00,MAQ-01,Linea A,61.14,3.017,5.201,145,OK
2025-06-02 20:30:00,MAQ-03,Linea B,71.08,1.593,5.573,85,OK
2025-06-02 20:45:00,MAQ-02,Linea A,58.66,2.778,5.612,97,OK
2025-06-02 21:00:00,MAQ-01,Linea A,66.04,1.376,5.441,111,OK
2025-06-02 21:15:00,MAQ-03,Linea B,70.08,2.411,5.021,120,OK
2025-06-02 21:30:00,MAQ-02,Linea A,67.68,0.049,5.407,149,OK
2025-06-02 21:45:00,MAQ-03,Linea B,59.84,2.231,5.461,110,OK
2025-06-02 22:00:00,MAQ-01,Linea A,69.82,2.432,5.586,150,OK
2025-06-02 22:15:00,MAQ-02,Linea A,68.48,2.117,4.679,139,OK
2025-06-02 22:30:00,MAQ-01,Linea A,63.99,4.188,5.089,89,OK
2025-06-02 22:45:00,MAQ-03,Linea B,69.08,2.435,5.034,146,OK
2025-06-02 23:00:00,MAQ-04,Linea B,72.68,1.785,4.868,121,OK
2025-06-02 23:15:00,MAQ-04,Linea B,79.91,2.868,5.091,156,AVISO
2025-06-02 23:30:00,MAQ-03,Linea B,67.19,3.584,5.032,120,OK
2025-06-02 23:45:00,MAQ-04,Linea B,70.04,1.836,5.796,83,OK
2025-06-03 00:00:00,MAQ-02,Linea A,54.85,1.152,5.416,93,OK
2025-06-03 00:15:00,MAQ-03,Linea B,67.84,2.729,5.546,160,OK
2025-06-03 00:30:00,MAQ-01,Linea A,68.22,2.304,5.237,81,OK
2025-06-03 00:45:00,MAQ-01,Linea A,75.23,2.618,5.498,124,OK
2025-06-03 01:00:00,MAQ-03,Linea B,67.97,2.701,5.487,153,OK
2025-06-03 01:15:00,MAQ-02,Linea A,73.92,1.736,5.603,82,OK
2025-06-03 01:30:00,MAQ-02,Linea A,60.38,0.905,5.595,130,OK
2025-06-03 01:45:00,MAQ-03,Linea B,74.36,4.004,,87,OK
2025-06-03 02:00:00,MAQ-01,Linea A,79.97,1.484,4.504,112,AVISO
2025-06-03 02:15:00,MAQ-04,Linea B,86.56,2.207,5.397,85,ALARMA
2025-06-03 02:30:00,MAQ-03,Linea B,64.8,2.835,5.442,112,OK
2025-06-03 02:45:00,MAQ-03,Linea B,76.53,1.685,4.52,135,AVISO
2025-06-03 03:00:00,MAQ-03,Linea B,68.51,2.305,5.454,119,OK
2025-06-03 03:15:00,MAQ-04,Linea B,78.2,2.781,5.017,128,AVISO
2025-06-03 03:30:00,MAQ-03,Linea B,76.99,1.096,5.211,151,AVISO
2025-06-03 03:45:00,MAQ-03,Linea B,66.57,2.78,5.013,85,OK
2025-06-03 04:00:00,MAQ-02,Linea A,73.23,1.859,5.147,99,OK
2025-06-03 04:15:00,MAQ-02,Linea A,63.6,3.025,5.548,159,OK
2025-06-03 04:30:00,MAQ-03,Linea B,51.63,1.562,5.965,106,OK
2025-06-03 04:45:00,MAQ-02,Linea A,82.36,1.584,5.54,110,AVISO
2025-06-03 05:00:00,MAQ-01,Linea A,62.96,2.642,5.136,127,OK
2025-06-03 05:15:00,MAQ-04,Linea B,59.97,2.327,3.909,91,OK
2025-06-03 05:30:00,MAQ-02,Linea A,54.36,3.311,5.045,124,OK
2025-06-03 05:45:00,MAQ-03,Linea B,68.59,1.054,5.032,160,OK
2025-06-03 06:00:00,MAQ-04,Linea B,73.57,3.057,5.054,101,OK
2025-06-03 06:15:00,MAQ-03,Linea B,76.26,2.863,4.703,121,AVISO
2025-06-03 06:30:00,MAQ-03,Linea B,67.73,1.89,4.834,134,OK
2025-06-03 06:45:00,MAQ-01,Linea A,60.58,1.877,5.694,81,OK
2025-06-03 07:00:00,MAQ-01,Linea A,73.92,2.849,5.549,153,OK
2025-06-03 07:15:00,MAQ-04,Linea B,67.42,2.445,5.171,105,OK
2025-06-03 07:30:00,MAQ-04,Linea B,64.43,3.166,5.567,160,OK
2025-06-03 07:45:00,MAQ-03,Linea B,69.26,1.449,5.013,132,OK
2025-06-03 08:00:00,MAQ-02,Linea A,70.69,3.731,5.857,82,OK
2025-06-03 08:15:00,MAQ-02,Linea A,63.29,1.982,4.91,88,OK
2025-06-03 08:30:00,MAQ-04,Linea B,68.25,2.907,5.044,135,OK
2025-06-03 08:45:00,MAQ-01,Linea A,61.53,3.407,5.512,109,OK
2025-06-03 09:00:00,MAQ-04,Linea B,65.19,2.155,5.033,111,OK
2025-06-03 09:15:00,MAQ-03,Linea B,59.65,2.255,5.18,132,OK
2025-06-03 09:30:00,MAQ-03,Linea B,71.62,1.287,4.81,88,OK
2025-06-03 09:45:00,MAQ-01,Linea A,74.46,3.017,5.757,84,OK
2025-06-03 10:00:00,MAQ-02,Linea A,70.24,2.8,5.085,149,OK
2025-06-03 10:15:00,MAQ-01,Linea A,74.82,1.629,5.19,88,OK
2025-06-03 10:30:00,MAQ-01,Linea A,59.35,2.818,4.639,118,OK
2025-06-03 10:45:00,MAQ-03,Linea B,75.84,3.672,5.716,95,OK
2025-06-03 11:00:00,MAQ-04,Linea B,65.28,3.683,4.514,144,OK
2025-06-03 11:15:00,MAQ-03,Linea B,72.65,2.955,6.065,119,OK
2025-06-03 11:30:00,MAQ-03,Linea B,68.58,2.751,5.276,152,OK
2025-06-03 11:45:00,MAQ-04,Linea B,70.4,1.678,4.118,162,OK
2025-06-03 12:00:00,MAQ-01,Linea A,71.85,1.85,5.398,136,OK
2025-06-03 12:15:00,MAQ-02,Linea A,97.56,3.175,4.308,112,ALARMA
2025-06-03 12:30:00,MAQ-02,Linea A,76.51,3.053,5.613,139,AVISO
2025-06-03 12:45:00,MAQ-03,Linea B,59.38,3.084,5.94,87,OK
2025-06-03 13:00:00,MAQ-01,Linea A,67.16,2.573,4.733,107,OK
2025-06-03 13:15:00,MAQ-02,Linea A,59.2,1.241,4.828,160,OK
2025-06-03 13:30:00,MAQ-02,Linea A,65.42,2.017,5.236,154,OK
2025-06-03 13:45:00,MAQ-02,Linea A,69.52,1.918,5.525,110,OK
2025-06-03 14:00:00,MAQ-01,Linea A,71.15,2.742,5.572,142,OK
2025-06-03 14:15:00,MAQ-01,Linea A,79.66,2.435,4.76,161,AVISO
2025-06-03 14:30:00,MAQ-02,Linea A,69.65,2.35,4.889,83,OK
2025-06-03 14:45:00,MAQ-01,Linea A,68.98,3.419,4.161,85,OK
2025-06-03 15:00:00,MAQ-01,Linea A,66.36,3.973,4.78,98,OK
2025-06-03 15:15:00,MAQ-01,Linea A,62.19,3.13,5.007,91,OK
2025-06-03 15:30:00,MAQ-01,Linea A,62.37,1.999,5.397,115,OK
2025-06-03 15:45:00,MAQ-02,Linea A,73.61,2.667,5.551,161,OK
2025-06-03 16:00:00,MAQ-02,Linea A,73.47,3.045,5.473,131,OK
2025-06-03 16:15:00,MAQ-03,Linea B,72.92,0.632,5.01,151,OK
2025-06-03 16:30:00,MAQ-04,Linea B,74.51,2.414,4.785,115,OK
2025-06-03 16:45:00,MAQ-01,Linea A,69.4,1.753,4.925,86,OK
2025-06-03 17:00:00,MAQ-04,Linea B,70.3,1.145,4.996,107,OK
2025-06-03 17:15:00,MAQ-02,Linea A,77.23,2.804,5.67,80,AVISO
2025-06-03 17:30:00,MAQ-01,Linea A,71.92,2.093,5.502,112,OK
2025-06-03 17:45:00,MAQ-02,Linea A,71.84,4.58,5.916,110,OK
2025-06-03 18:00:00,MAQ-02,Linea A,66.59,2.239,5.612,119,OK
2025-06-03 18:15:00,MAQ-01,Linea A,71.45,4.041,4.815,100,OK
2025-06-03 18:30:00,MAQ-01,Linea A,73.05,4.209,4.72,95,OK
2025-06-03 18:45:00,MAQ-03,Linea B,71.48,1.681,5.427,153,OK
2025-06-03 19:00:00,MAQ-02,Linea A,85.32,1.98,5.091,96,ALARMA
2025-06-03 19:15:00,MAQ-03,Linea B,57.8,2.929,5.982,90,OK
2025-06-03 19:30:00,MAQ-03,Linea B,64.75,2.743,5.298,139,OK
2025-06-03 19:45:00,MAQ-02,Linea A,64.26,1.144,5.605,162,OK
2025-06-03 20:00:00,MAQ-02,Linea A,69.76,2.6,5.368,163,OK
2025-06-03 20:15:00,MAQ-01,Linea A,60.35,2.602,4.8,82,OK
2025-06-03 20:30:00,MAQ-04,Linea B,55.8,3.751,4.957,89,OK
2025-06-03 20:45:00,MAQ-04,Linea B,64.15,2.501,5.328,95,OK
2025-06-03 21:00:00,MAQ-01,Linea A,61.41,2.437,4.222,121,OK
2025-06-03 21:15:00,MAQ-04,Linea B,73.73,1.825,4.606,161,OK
2025-06-03 21:30:00,MAQ-03,Linea B,76.44,1.186,5.844,139,AVISO
2025-06-03 21:45:00,MAQ-03,Linea B,71.32,3.533,5.398,127,OK
2025-06-03 22:00:00,MAQ-02,Linea A,60.79,0.987,4.328,91,OK
2025-06-03 22:15:00,MAQ-01,Linea A,71.96,2.981,5.69,89,OK
2025-06-03 22:30:00,MAQ-04,Linea B,74.97,1.637,3.937,87,OK
2025-06-03 22:45:00,MAQ-02,Linea A,71.44,1.753,5.887,116,OK
2025-06-03 23:00:00,MAQ-01,Linea A,67.66,2.197,5.953,146,OK
2025-06-03 23:15:00,MAQ-03,Linea B,64.69,3.065,5.951,106,OK
2025-06-03 23:30:00,MAQ-04,Linea B,66.56,3.741,5.553,163,OK
2025-06-03 23:45:00,MAQ-02,Linea A,71.11,2.048,5.517,157,OK
2025-06-04 00:00:00,MAQ-01,Linea A,72.69,1.413,4.799,124,OK
2025-06-04 00:15:00,MAQ-03,Linea B,68.0,2.702,5.482,120,OK
2025-06-04 00:30:00,MAQ-02,Linea A,78.74,3.443,4.887,97,AVISO
2025-06-04 00:45:00,MAQ-02,Linea A,57.91,1.999,5.024,163,OK
2025-06-04 01:00:00,MAQ-04,Linea B,58.83,1.785,4.54,101,OK
2025-06-04 01:15:00,MAQ-01,Linea A,57.43,1.802,5.897,96,OK
2025-06-04 01:30:00,MAQ-01,Linea A,56.93,1.86,5.048,122,OK
2025-06-04 01:45:00,MAQ-04,Linea B,69.6,1.127,4.303,134,OK
2025-06-04 02:00:00,MAQ-03,Linea B,66.32,2.004,4.847,83,OK
2025-06-04 02:15:00,MAQ-01,Linea A,64.16,3.674,4.836,92,OK
2025-06-04 02:30:00,MAQ-03,Linea B,57.39,1.194,5.194,85,OK
2025-06-04 02:45:00,MAQ-02,Linea A,87.08,2.777,5.309,149,ALARMA
2025-06-04 03:00:00,MAQ-03,Linea B,66.82,2.162,4.657,90,OK
2025-06-04 03:15:00,MAQ-03,Linea B,66.44,2.664,5.761,141,OK
2025-06-04 03:30:00,MAQ-01,Linea A,65.35,3.424,5.523,84,OK
2025-06-04 03:45:00,MAQ-03,Linea B,65.26,2.337,4.886,92,OK
2025-06-04 04:00:00,MAQ-01,Linea A,78.05,3.698,5.063,139,AVISO
2025-06-04 04:15:00,MAQ-02,Linea A,74.22,2.326,5.407,125,OK
2025-06-04 04:30:00,MAQ-04,Linea B,79.86,3.706,5.411,108,AVISO
2025-06-04 04:45:00,MAQ-02,Linea A,74.8,1.478,5.06,119,OK
2025-06-04 05:00:00,MAQ-03,Linea B,64.29,3.158,5.078,126,OK
2025-06-04 05:15:00,MAQ-03,Linea B,76.6,2.77,4.325,113,AVISO
2025-06-04 05:30:00,MAQ-03,Linea B,77.49,2.932,5.285,128,AVISO
2025-06-04 05:45:00,MAQ-04,Linea B,73.5,1.222,4.359,98,OK
2025-06-04 06:00:00,MAQ-04,Linea B,72.82,3.364,5.617,99,OK
2025-06-04 06:15:00,MAQ-04,Linea B,75.09,2.162,5.045,130,OK
2025-06-04 06:30:00,MAQ-02,Linea A,76.18,2.471,4.929,144,AVISO
2025-06-04 06:45:00,MAQ-04,Linea B,64.81,2.365,6.012,126,OK
2025-06-04 07:00:00,MAQ-04,Linea B,77.57,3.039,4.258,140,AVISO
2025-06-04 07:15:00,MAQ-04,Linea B,73.48,2.768,4.741,100,OK
2025-06-04 07:30:00,MAQ-03,Linea B,69.68,1.825,5.51,86,OK
2025-06-04 07:45:00,MAQ-04,Linea B,67.58,2.309,5.429,136,OK
2025-06-04 08:00:00,MAQ-01,Linea A,58.85,2.16,5.601,143,OK
2025-06-04 08:15:00,MAQ-02,Linea A,72.23,3.012,5.405,97,OK
2025-06-04 08:30:00,MAQ-01,Linea A,64.68,1.971,5.503,90,OK
2025-06-04 08:45:00,MAQ-01,Linea A,68.91,2.171,4.791,121,OK
2025-06-04 09:00:00,MAQ-02,Linea A,59.51,2.405,4.463,123,OK
2025-06-04 09:15:00,MAQ-04,Linea B,69.43,2.427,4.42,142,OK
2025-06-04 09:30:00,MAQ-02,Linea A,65.07,2.913,5.199,115,OK
2025-06-04 09:45:00,MAQ-03,Linea B,50.65,3.025,5.157,124,OK
2025-06-04 10:00:00,MAQ-01,Linea A,66.32,1.705,5.857,98,OK
2025-06-04 10:15:00,MAQ-03,Linea B,67.16,3.273,4.842,115,OK
2025-06-04 10:30:00,MAQ-03,Linea B,73.26,2.904,4.72,100,OK
2025-06-04 10:45:00,MAQ-03,Linea B,71.01,2.258,5.75,110,OK
2025-06-04 11:00:00,MAQ-03,Linea B,72.11,1.088,4.712,141,OK
2025-06-04 11:15:00,MAQ-03,Linea B,65.95,2.587,5.263,87,OK
2025-06-04 11:30:00,MAQ-03,Linea B,62.3,2.27,4.711,143,OK
2025-06-04 11:45:00,MAQ-04,Linea B,67.11,3.9,4.81,125,OK
2025-06-04 12:00:00,MAQ-01,Linea A,105.91,1.19,5.91,120,ALARMA
2025-06-04 12:15:00,MAQ-03,Linea B,70.77,2.423,4.36,139,OK
2025-06-04 12:30:00,MAQ-03,Linea B,67.34,2.568,5.194,141,OK
2025-06-04 12:45:00,MAQ-04,Linea B,65.29,3.388,5.572,129,OK
2025-06-04 13:00:00,MAQ-01,Linea A,75.84,2.299,4.537,110,OK
2025-06-04 13:15:00,MAQ-02,Linea A,79.14,3.381,4.903,99,AVISO
2025-06-04 13:30:00,MAQ-01,Linea A,101.3,2.121,4.987,120,ALARMA
2025-06-04 13:45:00,MAQ-02,Linea A,64.21,2.351,4.711,111,OK
2025-06-04 14:00:00,MAQ-02,Linea A,63.28,3.961,4.787,160,OK
2025-06-04 14:15:00,MAQ-03,Linea B,63.5,1.049,5.929,144,OK
2025-06-04 14:30:00,MAQ-04,Linea B,73.22,2.03,4.829,115,OK
2025-06-04 14:45:00,MAQ-03,Linea B,72.94,0.745,5.265,102,OK
2025-06-04 15:00:00,MAQ-04,Linea B,67.82,2.728,5.06,125,OK
2025-06-04 15:15:00,MAQ-04,Linea B,61.64,3.232,5.421,98,OK
2025-06-04 15:30:00,MAQ-02,Linea A,61.46,3.407,5.11,84,OK
2025-06-04 15:45:00,MAQ-02,Linea A,93.83,2.034,4.436,125,ALARMA
2025-06-04 16:00:00,MAQ-03,Linea B,73.1,1.417,5.229,152,OK
2025-06-04 16:15:00,MAQ-02,Linea A,66.8,2.054,5.336,140,OK
2025-06-04 16:30:00,MAQ-04,Linea B,68.83,1.278,4.508,154,OK
2025-06-04 16:45:00,MAQ-02,Linea A,78.25,2.055,4.992,127,AVISO
2025-06-04 17:00:00,MAQ-02,Linea A,64.45,3.587,5.801,154,OK
2025-06-04 17:15:00,MAQ-02,Linea A,79.91,1.912,5.859,81,AVISO
2025-06-04 17:30:00,MAQ-04,Linea B,76.59,2.194,5.204,141,AVISO
2025-06-04 17:45:00,MAQ-02,Linea A,69.59,2.365,4.975,122,OK
2025-06-04 18:00:00,MAQ-03,Linea B,81.87,3.054,5.896,94,AVISO
2025-06-04 18:15:00,MAQ-02,Linea A,56.3,2.183,4.378,128,OK
2025-06-04 18:30:00,MAQ-02,Linea A,69.32,2.737,4.201,161,OK
2025-06-04 18:45:00,MAQ-03,Linea B,70.24,2.504,5.285,112,OK
2025-06-04 19:00:00,MAQ-01,Linea A,71.16,2.442,,132,OK
2025-06-04 19:15:00,MAQ-04,Linea B,68.62,3.63,5.323,136,OK
2025-06-04 19:30:00,MAQ-04,Linea B,63.08,3.618,5.439,90,OK
2025-06-04 19:45:00,MAQ-03,Linea B,97.32,2.025,5.492,107,ALARMA
2025-06-04 20:00:00,MAQ-04,Linea B,94.04,1.861,4.83,131,ALARMA
2025-06-04 20:15:00,MAQ-03,Linea B,78.82,1.879,6.078,85,AVISO
2025-06-04 20:30:00,MAQ-02,Linea A,72.55,1.106,5.048,142,OK
2025-06-04 20:45:00,MAQ-02,Linea A,65.91,2.602,4.319,120,OK
2025-06-04 21:00:00,MAQ-03,Linea B,52.7,1.116,5.585,105,OK
2025-06-04 21:15:00,MAQ-01,Linea A,68.26,2.352,5.257,118,OK
2025-06-04 21:30:00,MAQ-02,Linea A,70.05,2.358,4.608,147,OK
2025-06-04 21:45:00,MAQ-03,Linea B,61.64,2.153,5.569,136,OK
2025-06-04 22:00:00,MAQ-01,Linea A,69.8,1.961,5.729,113,OK
2025-06-04 22:15:00,MAQ-01,Linea A,63.29,2.634,4.81,136,OK
2025-06-04 22:30:00,MAQ-02,Linea A,70.62,2.407,5.129,129,OK
2025-06-04 22:45:00,MAQ-01,Linea A,63.42,2.782,4.427,82,OK
2025-06-04 23:00:00,MAQ-01,Linea A,77.95,2.722,5.022,82,AVISO
2025-06-04 23:15:00,MAQ-01,Linea A,68.46,3.242,5.097,84,OK
2025-06-04 23:30:00,MAQ-03,Linea B,73.49,2.095,5.508,98,OK
2025-06-04 23:45:00,MAQ-04,Linea B,64.29,2.477,5.301,132,OK
2025-06-05 00:00:00,MAQ-04,Linea B,66.09,1.151,5.177,95,OK
2025-06-05 00:15:00,MAQ-01,Linea A,73.02,2.998,5.189,145,OK
2025-06-05 00:30:00,MAQ-02,Linea A,64.47,1.847,4.762,118,OK
2025-06-05 00:45:00,MAQ-02,Linea A,67.48,2.276,5.778,132,OK
2025-06-05 01:00:00,MAQ-04,Linea B,64.04,2.421,5.546,117,OK
2025-06-05 01:15:00,MAQ-04,Linea B,58.24,4.262,4.204,162,OK
2025-06-05 01:30:00,MAQ-03,Linea B,70.38,2.314,5.42,108,OK
2025-06-05 01:45:00,MAQ-04,Linea B,73.01,2.559,5.219,95,OK
2025-06-05 02:00:00,MAQ-04,Linea B,65.59,1.703,4.49,95,OK
2025-06-05 02:15:00,MAQ-02,Linea A,81.61,2.523,5.768,126,AVISO
2025-06-05 02:30:00,MAQ-04,Linea B,70.27,1.874,5.843,113,OK
2025-06-05 02:45:00,MAQ-04,Linea B,68.18,2.062,4.615,111,OK
2025-06-05 03:00:00,MAQ-02,Linea A,58.42,1.95,4.161,92,OK
2025-06-05 03:15:00,MAQ-04,Linea B,61.36,1.664,6.02,162,OK
2025-06-05 03:30:00,MAQ-01,Linea A,71.26,2.945,4.958,157,OK
2025-06-05 03:45:00,MAQ-01,Linea A,92.65,3.518,5.365,137,ALARMA
2025-06-05 04:00:00,MAQ-04,Linea B,70.38,0.744,4.509,99,OK
2025-06-05 04:15:00,MAQ-03,Linea B,60.8,2.878,5.696,127,OK
2025-06-05 04:30:00,MAQ-01,Linea A,54.59,1.918,5.638,133,OK
2025-06-05 04:45:00,MAQ-01,Linea A,66.34,2.601,4.989,90,OK
2025-06-05 05:00:00,MAQ-02,Linea A,78.34,2.311,5.74,140,AVISO
2025-06-05 05:15:00,MAQ-02,Linea A,72.03,3.008,4.961,87,OK
2025-06-05 05:30:00,MAQ-03,Linea B,70.23,2.815,4.898,139,OK
2025-06-05 05:45:00,MAQ-02,Linea A,73.08,2.343,5.165,141,OK
2025-06-05 06:00:00,MAQ-02,Linea A,68.52,2.59,5.215,106,OK
2025-06-05 06:15:00,MAQ-03,Linea B,55.81,3.285,5.475,102,OK
2025-06-05 06:30:00,MAQ-01,Linea A,71.77,2.969,5.197,151,OK
2025-06-05 06:45:00,MAQ-03,Linea B,67.18,2.743,5.015,137,OK
2025-06-05 07:00:00,MAQ-02,Linea A,53.29,1.219,5.03,158,OK
2025-06-05 07:15:00,MAQ-02,Linea A,73.19,2.529,5.999,106,OK
2025-06-05 07:30:00,MAQ-01,Linea A,52.61,2.248,5.244,104,OK
2025-06-05 07:45:00,MAQ-02,Linea A,70.67,2.961,5.061,159,OK
2025-06-05 08:00:00,MAQ-04,Linea B,65.5,2.216,4.554,164,OK
2025-06-05 08:15:00,MAQ-02,Linea A,64.57,2.195,4.621,161,OK
2025-06-05 08:30:00,MAQ-03,Linea B,64.22,1.198,5.666,99,OK
2025-06-05 08:45:00,MAQ-02,Linea A,69.92,3.392,5.738,155,OK
2025-06-05 09:00:00,MAQ-04,Linea B,71.72,2.249,5.111,144,OK
2025-06-05 09:15:00,MAQ-02,Linea A,80.14,2.252,5.313,80,AVISO
2025-06-05 09:30:00,MAQ-02,Linea A,74.55,2.174,5.313,133,OK
2025-06-05 09:45:00,MAQ-04,Linea B,76.42,2.594,4.939,83,AVISO
2025-06-05 10:00:00,MAQ-01,Linea A,60.7,2.276,5.466,97,OK
2025-06-05 10:15:00,MAQ-03,Linea B,66.01,2.44,5.459,109,OK
2025-06-05 10:30:00,MAQ-02,Linea A,67.93,2.886,6.047,108,OK
2025-06-05 10:45:00,MAQ-04,Linea B,65.31,1.526,5.222,157,OK
2025-06-05 11:00:00,MAQ-01,Linea A,88.79,2.915,5.394,99,ALARMA
2025-06-05 11:15:00,MAQ-02,Linea A,77.62,2.25,5.871,126,AVISO
2025-06-05 11:30:00,MAQ-04,Linea B,73.53,1.625,5.114,121,OK
2025-06-05 11:45:00,MAQ-02,Linea A,76.5,2.612,5.715,94,AVISO
2025-06-05 12:00:00,MAQ-04,Linea B,88.45,1.573,4.671,98,ALARMA
2025-06-05 12:15:00,MAQ-02,Linea A,64.8,1.719,5.545,111,OK
2025-06-05 12:30:00,MAQ-02,Linea A,69.83,2.993,5.321,99,OK
2025-06-05 12:45:00,MAQ-02,Linea A,73.72,3.375,5.809,94,OK
2025-06-05 13:00:00,MAQ-02,Linea A,67.98,1.947,4.484,157,OK
2025-06-05 13:15:00,MAQ-04,Linea B,81.24,2.158,5.135,128,AVISO
2025-06-05 13:30:00,MAQ-01,Linea A,78.14,2.645,5.284,87,AVISO
2025-06-05 13:45:00,MAQ-03,Linea B,70.28,2.165,6.06,127,OK
2025-06-05 14:00:00,MAQ-01,Linea A,70.11,2.792,5.344,127,OK
2025-06-05 14:15:00,MAQ-02,Linea A,76.76,1.97,5.26,104,AVISO
2025-06-05 14:30:00,MAQ-03,Linea B,74.26,1.932,4.416,137,OK
2025-06-05 14:45:00,MAQ-02,Linea A,76.11,2.06,5.73,96,AVISO
2025-06-05 15:00:00,MAQ-04,Linea B,56.83,3.517,4.884,146,OK
2025-06-05 15:15:00,MAQ-03,Linea B,53.57,2.715,5.091,125,OK
2025-06-05 15:30:00,MAQ-02,Linea A,67.61,2.821,5.751,154,OK
2025-06-05 15:45:00,MAQ-03,Linea B,67.56,3.764,5.076,101,OK
2025-06-05 16:00:00,MAQ-02,Linea A,58.14,1.826,5.784,135,OK
2025-06-05 16:15:00,MAQ-03,Linea B,75.35,2.915,5.316,128,OK
2025-06-05 16:30:00,MAQ-03,Linea B,66.8,2.776,5.71,105,OK
2025-06-05 16:45:00,MAQ-01,Linea A,67.66,0.394,5.161,120,OK
2025-06-05 17:00:00,MAQ-02,Linea A,63.5,3.324,6.292,156,OK
2025-06-05 17:15:00,MAQ-03,Linea B,61.92,1.39,4.522,130,OK
2025-06-05 17:30:00,MAQ-02,Linea A,72.39,2.148,5.423,82,OK
2025-06-05 17:45:00,MAQ-01,Linea A,68.11,1.45,5.041,144,OK
2025-06-05 18:00:00,MAQ-04,Linea B,67.15,2.886,5.67,129,OK
2025-06-05 18:15:00,MAQ-03,Linea B,65.42,2.946,,85,OK
2025-06-05 18:30:00,MAQ-02,Linea A,71.93,2.618,5.075,159,OK
2025-06-05 18:45:00,MAQ-04,Linea B,71.99,1.651,5.228,101,OK
2025-06-05 19:00:00,MAQ-02,Linea A,59.62,1.883,5.747,153,OK
2025-06-05 19:15:00,MAQ-04,Linea B,68.83,2.657,5.504,130,OK
2025-06-05 19:30:00,MAQ-04,Linea B,55.69,2.428,5.101,103,OK
2025-06-05 19:45:00,MAQ-02,Linea A,70.91,2.665,5.338,130,OK
2025-06-05 20:00:00,MAQ-02,Linea A,70.8,2.098,5.065,95,OK
2025-06-05 20:15:00,MAQ-03,Linea B,69.68,2.43,6.185,161,OK
2025-06-05 20:30:00,MAQ-02,Linea A,57.15,1.983,5.742,110,OK
2025-06-05 20:45:00,MAQ-04,Linea B,52.53,1.79,4.414,125,OK
2025-06-05 21:00:00,MAQ-01,Linea A,62.22,2.597,5.078,154,OK
2025-06-05 21:15:00,MAQ-01,Linea A,66.75,1.935,5.017,115,OK
2025-06-05 21:30:00,MAQ-03,Linea B,59.97,3.67,5.298,100,OK
2025-06-05 21:45:00,MAQ-01,Linea A,59.49,2.753,5.307,115,OK
2025-06-05 22:00:00,MAQ-04,Linea B,70.77,0.939,4.778,152,OK
2025-06-05 22:15:00,MAQ-03,Linea B,55.49,2.509,5.218,156,OK
2025-06-05 22:30:00,MAQ-03,Linea B,80.6,2.892,5.95,157,AVISO
2025-06-05 22:45:00,MAQ-01,Linea A,74.25,3.673,5.452,164,OK
2025-06-05 23:00:00,MAQ-04,Linea B,73.42,2.09,5.126,109,OK
2025-06-05 23:15:00,MAQ-02,Linea A,72.46,2.937,4.912,89,OK
2025-06-05 23:30:00,MAQ-04,Linea B,65.71,2.337,4.613,120,OK
2025-06-05 23:45:00,MAQ-01,Linea A,68.84,1.328,4.429,132,OK
2025-06-06 00:00:00,MAQ-01,Linea A,68.21,1.119,4.991,134,OK
2025-06-06 00:15:00,MAQ-02,Linea A,81.73,2.137,5.019,92,AVISO
2025-06-06 00:30:00,MAQ-02,Linea A,69.29,2.945,4.707,99,OK
2025-06-06 00:45:00,MAQ-02,Linea A,68.92,2.822,5.125,164,OK
2025-06-06 01:00:00,MAQ-02,Linea A,64.45,3.018,5.296,150,OK
2025-06-06 01:15:00,MAQ-02,Linea A,71.39,2.164,4.86,133,OK
2025-06-06 01:30:00,MAQ-02,Linea A,74.03,0.978,5.412,158,OK
2025-06-06 01:45:00,MAQ-01,Linea A,59.96,2.628,5.081,133,OK
2025-06-06 02:00:00,MAQ-01,Linea A,77.78,0.58,5.265,136,AVISO
2025-06-06 02:15:00,MAQ-04,Linea B,63.14,2.842,4.91,128,OK
2025-06-06 02:30:00,MAQ-04,Linea B,65.39,3.601,4.788,135,OK
2025-06-06 02:45:00,MAQ-02,Linea A,65.04,2.798,4.561,83,OK
2025-06-06 03:00:00,MAQ-02,Linea A,70.73,1.814,4.945,162,OK
2025-06-06 03:15:00,MAQ-01,Linea A,77.92,2.432,4.854,162,AVISO
2025-06-06 03:30:00,MAQ-03,Linea B,67.37,2.536,4.836,140,OK
2025-06-06 03:45:00,MAQ-04,Linea B,68.96,2.601,5.254,137,OK
2025-06-06 04:00:00,MAQ-02,Linea A,73.27,2.691,5.695,152,OK
2025-06-06 04:15:00,MAQ-02,Linea A,84.73,2.521,5.598,106,AVISO
2025-06-06 04:30:00,MAQ-03,Linea B,83.07,2.745,4.415,124,AVISO
2025-06-06 04:45:00,MAQ-04,Linea B,71.86,2.453,5.136,105,OK
2025-06-06 05:00:00,MAQ-01,Linea A,58.93,1.434,5.24,148,OK
2025-06-06 05:15:00,MAQ-03,Linea B,59.29,1.399,5.645,135,OK
2025-06-06 05:30:00,MAQ-02,Linea A,69.19,2.744,5.223,80,OK
2025-06-06 05:45:00,MAQ-04,Linea B,52.45,3.272,5.186,83,OK
2025-06-06 06:00:00,MAQ-04,Linea B,71.1,1.653,5.567,95,OK
2025-06-06 06:15:00,MAQ-01,Linea A,63.26,2.209,5.227,163,OK
2025-06-06 06:30:00,MAQ-03,Linea B,71.63,1.554,5.599,101,OK
2025-06-06 06:45:00,MAQ-03,Linea B,69.63,2.727,4.989,160,OK
2025-06-06 07:00:00,MAQ-04,Linea B,72.17,2.143,6.018,146,OK
2025-06-06 07:15:00,MAQ-04,Linea B,61.67,1.397,5.329,133,OK
2025-06-06 07:30:00,MAQ-02,Linea A,75.47,2.46,5.122,137,OK
2025-06-06 07:45:00,MAQ-03,Linea B,58.89,2.093,,136,OK
2025-06-06 08:00:00,MAQ-03,Linea B,61.46,2.268,4.611,110,OK
2025-06-06 08:15:00,MAQ-02,Linea A,65.7,2.782,4.911,156,OK
2025-06-06 08:30:00,MAQ-01,Linea A,81.35,2.288,5.522,162,AVISO
2025-06-06 08:45:00,MAQ-04,Linea B,88.65,2.427,4.714,92,ALARMA
2025-06-06 09:00:00,MAQ-01,Linea A,62.49,0.957,5.247,109,OK
2025-06-06 09:15:00,MAQ-03,Linea B,94.38,3.623,5.355,110,ALARMA
2025-06-06 09:30:00,MAQ-01,Linea A,52.67,3.142,4.86,94,OK
2025-06-06 09:45:00,MAQ-03,Linea B,55.53,3.091,4.789,95,OK
2025-06-06 10:00:00,MAQ-01,Linea A,69.12,2.332,4.81,143,OK
2025-06-06 10:15:00,MAQ-04,Linea B,66.51,0.373,4.683,89,OK
2025-06-06 10:30:00,MAQ-04,Linea B,96.35,3.194,5.766,92,ALARMA
2025-06-06 10:45:00,MAQ-02,Linea A,65.99,2.685,5.616,142,OK
2025-06-06 11:00:00,MAQ-01,Linea A,72.23,3.354,4.957,124,OK
2025-06-06 11:15:00,MAQ-04,Linea B,72.62,2.349,4.671,122,OK
2025-06-06 11:30:00,MAQ-04,Linea B,66.51,2.922,4.773,148,OK
2025-06-06 11:45:00,MAQ-03,Linea B,63.15,2.862,5.281,118,OK
2025-06-06 12:00:00,MAQ-04,Linea B,75.95,2.332,4.908,99,OK
2025-06-06 12:15:00,MAQ-04,Linea B,70.27,2.884,6.038,93,OK
2025-06-06 12:30:00,MAQ-02,Linea A,65.11,2.935,3.851,89,OK
2025-06-06 12:45:00,MAQ-01,Linea A,71.23,2.981,4.566,119,OK
2025-06-06 13:00:00,MAQ-02,Linea A,77.46,0.924,4.882,80,AVISO
2025-06-06 13:15:00,MAQ-03,Linea B,64.14,2.184,5.412,88,OK
2025-06-06 13:30:00,MAQ-04,Linea B,83.1,2.365,6.292,111,AVISO
2025-06-06 13:45:00,MAQ-02,Linea A,81.16,2.547,5.075,108,AVISO
2025-06-06 14:00:00,MAQ-02,Linea A,70.85,3.333,5.061,147,OK
2025-06-06 14:15:00,MAQ-03,Linea B,72.76,0.898,4.756,125,OK
2025-06-06 14:30:00,MAQ-01,Linea A,64.58,2.461,5.18,128,OK
2025-06-06 14:45:00,MAQ-04,Linea B,69.52,2.126,5.222,89,OK
2025-06-06 15:00:00,MAQ-04,Linea B,69.93,2.482,5.405,81,OK
2025-06-06 15:15:00,MAQ-01,Linea A,78.52,2.75,4.559,98,AVISO
2025-06-06 15:30:00,MAQ-01,Linea A,69.27,3.138,4.864,104,OK
2025-06-06 15:45:00,MAQ-03,Linea B,63.86,2.986,5.322,137,OK
2025-06-06 16:00:00,MAQ-01,Linea A,70.76,0.908,5.327,104,OK
2025-06-06 16:15:00,MAQ-01,Linea A,65.72,2.355,5.602,123,OK
2025-06-06 16:30:00,MAQ-02,Linea A,65.03,2.408,5.441,97,OK
2025-06-06 16:45:00,MAQ-04,Linea B,77.54,2.196,4.86,162,AVISO
2025-06-06 17:00:00,MAQ-04,Linea B,77.45,2.072,4.957,157,AVISO
2025-06-06 17:15:00,MAQ-02,Linea A,74.15,3.1,4.911,88,OK
2025-06-06 17:30:00,MAQ-01,Linea A,65.93,1.37,5.027,107,OK
2025-06-06 17:45:00,MAQ-02,Linea A,59.11,2.819,4.799,144,OK
2025-06-06 18:00:00,MAQ-04,Linea B,56.44,2.276,5.046,116,OK
2025-06-06 18:15:00,MAQ-02,Linea A,64.69,2.053,5.972,82,OK
2025-06-06 18:30:00,MAQ-03,Linea B,65.77,0.571,5.168,157,OK
2025-06-06 18:45:00,MAQ-03,Linea B,62.78,2.505,5.253,137,OK
2025-06-06 19:00:00,MAQ-02,Linea A,59.84,2.448,6.021,123,OK
2025-06-06 19:15:00,MAQ-04,Linea B,68.17,3.517,5.317,102,OK
2025-06-06 19:30:00,MAQ-03,Linea B,75.97,3.236,5.53,116,OK
2025-06-06 19:45:00,MAQ-02,Linea A,57.42,2.081,5.399,163,OK
2025-06-06 20:00:00,MAQ-03,Linea B,66.71,2.954,5.187,85,OK
2025-06-06 20:15:00,MAQ-03,Linea B,71.51,3.962,4.688,94,OK
2025-06-06 20:30:00,MAQ-04,Linea B,80.14,0.55,4.774,137,AVISO
2025-06-06 20:45:00,MAQ-02,Linea A,75.29,2.3,5.618,118,OK
2025-06-06 21:00:00,MAQ-01,Linea A,68.98,2.625,4.988,158,OK
2025-06-06 21:15:00,MAQ-02,Linea A,62.66,3.579,5.282,104,OK
2025-06-06 21:30:00,MAQ-03,Linea B,69.33,2.038,5.162,151,OK
2025-06-06 21:45:00,MAQ-02,Linea A,79.17,2.234,5.231,141,AVISO
2025-06-06 22:00:00,MAQ-03,Linea B,51.3,1.943,4.985,149,OK
2025-06-06 22:15:00,MAQ-03,Linea B,66.35,2.877,,108,OK
2025-06-06 22:30:00,MAQ-03,Linea B,76.15,3.343,4.512,83,AVISO
2025-06-06 22:45:00,MAQ-01,Linea A,69.59,2.164,5.192,91,OK
2025-06-06 23:00:00,MAQ-04,Linea B,71.09,2.267,5.102,147,OK
2025-06-06 23:15:00,MAQ-01,Linea A,71.06,2.789,5.958,96,OK
2025-06-06 23:30:00,MAQ-03,Linea B,62.36,1.662,4.749,85,OK
2025-06-06 23:45:00,MAQ-01,Linea A,73.55,1.649,,123,OK
2025-06-07 00:00:00,MAQ-04,Linea B,67.52,1.566,4.576,158,OK
2025-06-07 00:15:00,MAQ-02,Linea A,70.13,3.746,4.529,80,OK
2025-06-07 00:30:00,MAQ-03,Linea B,62.31,2.483,5.127,147,OK
2025-06-07 00:45:00,MAQ-03,Linea B,73.04,2.889,4.924,83,OK
2025-06-07 01:00:00,MAQ-04,Linea B,62.43,3.294,5.716,155,OK
2025-06-07 01:15:00,MAQ-01,Linea A,68.07,2.223,5.677,88,OK
2025-06-07 01:30:00,MAQ-04,Linea B,71.9,2.551,4.957,90,OK
2025-06-07 01:45:00,MAQ-02,Linea A,67.26,2.3,5.114,101,OK
2025-06-07 02:00:00,MAQ-03,Linea B,75.12,1.278,5.224,164,OK
2025-06-07 02:15:00,MAQ-03,Linea B,66.76,2.606,5.076,139,OK
2025-06-07 02:30:00,MAQ-04,Linea B,67.78,2.05,5.876,95,OK
2025-06-07 02:45:00,MAQ-02,Linea A,56.64,2.237,5.102,126,OK
2025-06-07 03:00:00,MAQ-03,Linea B,59.09,3.425,5.091,142,OK
2025-06-07 03:15:00,MAQ-02,Linea A,67.29,1.969,5.617,141,OK
2025-06-07 03:30:00,MAQ-03,Linea B,65.19,4.19,5.278,143,OK
2025-06-07 03:45:00,MAQ-04,Linea B,70.91,3.098,4.593,83,OK
2025-06-07 04:00:00,MAQ-01,Linea A,70.62,3.057,6.138,98,OK
2025-06-07 04:15:00,MAQ-01,Linea A,77.07,3.313,5.87,140,AVISO
2025-06-07 04:30:00,MAQ-04,Linea B,71.37,1.245,5.402,83,OK
2025-06-07 04:45:00,MAQ-04,Linea B,73.1,2.078,4.327,133,OK
2025-06-07 05:00:00,MAQ-02,Linea A,71.37,2.319,5.106,81,OK
2025-06-07 05:15:00,MAQ-04,Linea B,70.02,1.867,5.118,82,OK
2025-06-07 05:30:00,MAQ-01,Linea A,62.99,1.606,5.052,137,OK
2025-06-07 05:45:00,MAQ-03,Linea B,65.87,2.037,5.184,99,OK
2025-06-07 06:00:00,MAQ-02,Linea A,64.5,3.099,5.38,82,OK
2025-06-07 06:15:00,MAQ-04,Linea B,55.76,2.979,4.554,142,OK
2025-06-07 06:30:00,MAQ-03,Linea B,61.37,2.553,6.311,143,OK
2025-06-07 06:45:00,MAQ-04,Linea B,72.48,2.569,5.956,123,OK
2025-06-07 07:00:00,MAQ-02,Linea A,71.06,3.016,5.088,83,OK
2025-06-07 07:15:00,MAQ-01,Linea A,66.17,1.791,5.485,106,OK
2025-06-07 07:30:00,MAQ-03,Linea B,66.92,2.51,5.559,126,OK
2025-06-07 07:45:00,MAQ-04,Linea B,62.07,2.599,5.271,127,OK
2025-06-07 08:00:00,MAQ-01,Linea A,70.87,3.53,4.991,104,OK
2025-06-07 08:15:00,MAQ-03,Linea B,69.07,2.786,4.205,138,OK
2025-06-07 08:30:00,MAQ-04,Linea B,69.74,3.23,4.914,127,OK
2025-06-07 08:45:00,MAQ-01,Linea A,69.28,3.853,5.103,163,OK
2025-06-07 09:00:00,MAQ-03,Linea B,71.52,1.986,5.541,114,OK
2025-06-07 09:15:00,MAQ-03,Linea B,61.13,2.701,5.729,136,OK
2025-06-07 09:30:00,MAQ-04,Linea B,62.68,3.662,4.902,163,OK
2025-06-07 09:45:00,MAQ-01,Linea A,70.13,0.919,5.454,134,OK
2025-06-07 10:00:00,MAQ-02,Linea A,76.79,1.999,4.902,110,AVISO
2025-06-07 10:15:00,MAQ-02,Linea A,58.73,4.049,5.43,127,OK
2025-06-07 10:30:00,MAQ-03,Linea B,69.78,4.029,5.275,121,OK
2025-06-07 10:45:00,MAQ-02,Linea A,68.86,2.333,5.291,87,OK
2025-06-07 11:00:00,MAQ-01,Linea A,69.67,3.259,5.693,146,OK
2025-06-07 11:15:00,MAQ-03,Linea B,72.67,2.113,5.538,112,OK
2025-06-07 11:30:00,MAQ-02,Linea A,66.77,1.426,5.897,118,OK
2025-06-07 11:45:00,MAQ-03,Linea B,63.9,2.392,5.073,120,OK
2025-06-07 12:00:00,MAQ-04,Linea B,67.87,2.49,6.088,130,OK
2025-06-07 12:15:00,MAQ-03,Linea B,101.17,3.007,5.424,157,ALARMA
2025-06-07 12:30:00,MAQ-03,Linea B,66.97,2.372,5.126,95,OK
2025-06-07 12:45:00,MAQ-01,Linea A,67.5,3.47,4.581,104,OK
2025-06-07 13:00:00,MAQ-01,Linea A,75.55,1.707,4.912,112,OK
2025-06-07 13:15:00,MAQ-01,Linea A,66.61,1.883,4.857,84,OK
2025-06-07 13:30:00,MAQ-02,Linea A,64.94,2.602,5.334,135,OK
2025-06-07 13:45:00,MAQ-01,Linea A,65.13,2.156,5.615,89,OK
2025-06-07 14:00:00,MAQ-03,Linea B,74.13,2.09,,120,OK
2025-06-07 14:15:00,MAQ-03,Linea B,64.63,3.984,5.471,159,OK
2025-06-07 14:30:00,MAQ-04,Linea B,65.35,1.72,5.841,118,OK
2025-06-07 14:45:00,MAQ-02,Linea A,55.58,2.954,4.798,103,OK
2025-06-07 15:00:00,MAQ-03,Linea B,75.8,2.248,5.616,101,OK
2025-06-07 15:15:00,MAQ-03,Linea B,70.03,1.785,4.17,123,OK
2025-06-07 15:30:00,MAQ-01,Linea A,76.08,1.715,5.683,151,AVISO
2025-06-07 15:45:00,MAQ-04,Linea B,71.79,2.797,5.864,94,OK
2025-06-07 16:00:00,MAQ-02,Linea A,56.69,2.277,5.644,106,OK
2025-06-07 16:15:00,MAQ-03,Linea B,57.91,3.412,4.554,112,OK
2025-06-07 16:30:00,MAQ-03,Linea B,68.32,2.571,5.657,122,OK
2025-06-07 16:45:00,MAQ-02,Linea A,74.67,0.64,5.182,88,OK
2025-06-07 17:00:00,MAQ-01,Linea A,79.05,3.538,5.296,146,AVISO
2025-06-07 17:15:00,MAQ-04,Linea B,64.26,3.262,5.411,116,OK
2025-06-07 17:30:00,MAQ-03,Linea B,75.76,4.602,5.024,144,OK
2025-06-07 17:45:00,MAQ-03,Linea B,65.41,2.154,,114,OK
2025-06-07 18:00:00,MAQ-04,Linea B,70.44,2.279,5.118,99,OK
2025-06-07 18:15:00,MAQ-01,Linea A,64.67,0.931,5.233,157,OK
2025-06-07 18:30:00,MAQ-01,Linea A,61.14,1.83,5.108,102,OK
2025-06-07 18:45:00,MAQ-01,Linea A,70.21,2.689,5.089,125,OK
2025-06-07 19:00:00,MAQ-04,Linea B,69.9,2.448,4.807,149,OK
2025-06-07 19:15:00,MAQ-04,Linea B,59.96,2.14,5.768,148,OK
2025-06-07 19:30:00,MAQ-03,Linea B,85.71,3.315,5.373,149,ALARMA
2025-06-07 19:45:00,MAQ-03,Linea B,79.37,2.236,5.197,137,AVISO
2025-06-07 20:00:00,MAQ-02,Linea A,78.56,2.243,4.813,86,AVISO
2025-06-07 20:15:00,MAQ-04,Linea B,58.9,2.524,4.647,108,OK
2025-06-07 20:30:00,MAQ-02,Linea A,57.44,2.046,5.445,130,OK
2025-06-07 20:45:00,MAQ-02,Linea A,77.97,2.152,5.179,154,AVISO
2025-06-07 21:00:00,MAQ-04,Linea B,64.67,2.012,5.203,144,OK
2025-06-07 21:15:00,MAQ-02,Linea A,65.14,1.788,5.454,157,OK
2025-06-07 21:30:00,MAQ-02,Linea A,57.26,3.128,5.27,116,OK
2025-06-07 21:45:00,MAQ-03,Linea B,80.51,3.032,5.773,160,AVISO
2025-06-07 22:00:00,MAQ-03,Linea B,69.45,1.482,4.815,121,OK
2025-06-07 22:15:00,MAQ-02,Linea A,57.85,2.447,5.182,145,OK
2025-06-07 22:30:00,MAQ-02,Linea A,75.53,2.0,5.367,85,OK
2025-06-07 22:45:00,MAQ-04,Linea B,66.48,3.752,4.681,82,OK
2025-06-07 23:00:00,MAQ-01,Linea A,60.27,2.313,6.104,86,OK
2025-06-07 23:15:00,MAQ-03,Linea B,67.84,2.695,4.971,103,OK
2025-06-07 23:30:00,MAQ-01,Linea A,56.26,3.072,4.75,108,OK
2025-06-07 23:45:00,MAQ-04,Linea B,68.64,3.422,5.001,135,OK
2025-06-08 00:00:00,MAQ-02,Linea A,73.8,2.141,4.113,93,OK
2025-06-08 00:15:00,MAQ-01,Linea A,72.47,2.44,5.473,159,OK
2025-06-08 00:30:00,MAQ-02,Linea A,72.13,1.786,5.061,128,OK
2025-06-08 00:45:00,MAQ-02,Linea A,70.28,2.586,5.201,136,OK
2025-06-08 01:00:00,MAQ-02,Linea A,70.44,2.92,4.876,109,OK
2025-06-08 01:15:00,MAQ-01,Linea A,65.34,3.754,5.722,121,OK
2025-06-08 01:30:00,MAQ-02,Linea A,68.36,2.615,5.081,124,OK
2025-06-08 01:45:00,MAQ-04,Linea B,70.37,2.251,4.726,152,OK
2025-06-08 02:00:00,MAQ-02,Linea A,64.63,1.191,5.971,88,OK
2025-06-08 02:15:00,MAQ-03,Linea B,59.3,2.365,,148,OK
2025-06-08 02:30:00,MAQ-02,Linea A,71.49,3.49,5.033,153,OK
2025-06-08 02:45:00,MAQ-02,Linea A,68.79,1.302,5.526,131,OK
2025-06-08 03:00:00,MAQ-01,Linea A,68.86,2.052,5.182,163,OK
2025-06-08 03:15:00,MAQ-02,Linea A,63.65,3.072,4.541,97,OK
2025-06-08 03:30:00,MAQ-04,Linea B,59.28,1.295,5.99,101,OK
2025-06-08 03:45:00,MAQ-03,Linea B,73.59,3.034,5.637,99,OK
2025-06-08 04:00:00,MAQ-03,Linea B,52.17,3.242,4.915,110,OK
2025-06-08 04:15:00,MAQ-04,Linea B,68.86,3.489,5.551,143,OK
2025-06-08 04:30:00,MAQ-04,Linea B,61.12,2.804,5.545,159,OK
2025-06-08 04:45:00,MAQ-04,Linea B,64.89,2.887,4.977,155,OK
2025-06-08 05:00:00,MAQ-01,Linea A,57.59,4.39,,87,OK
2025-06-08 05:15:00,MAQ-02,Linea A,67.52,3.393,5.372,81,OK
2025-06-08 05:30:00,MAQ-04,Linea B,68.05,2.555,5.161,114,OK
2025-06-08 05:45:00,MAQ-04,Linea B,79.73,2.794,5.376,95,AVISO
2025-06-08 06:00:00,MAQ-04,Linea B,55.33,1.588,4.211,159,OK
2025-06-08 06:15:00,MAQ-01,Linea A,63.82,4.379,4.605,100,OK
2025-06-08 06:30:00,MAQ-04,Linea B,64.91,1.906,5.432,87,OK
2025-06-08 06:45:00,MAQ-04,Linea B,67.12,2.6,5.581,89,OK
2025-06-08 07:00:00,MAQ-03,Linea B,59.81,3.631,,94,OK
2025-06-08 07:15:00,MAQ-01,Linea A,71.01,2.55,5.967,131,OK
2025-06-08 07:30:00,MAQ-02,Linea A,77.4,3.75,4.944,133,AVISO
2025-06-08 07:45:00,MAQ-01,Linea A,64.87,1.783,5.703,96,OK
2025-06-08 08:00:00,MAQ-02,Linea A,64.46,4.001,5.913,140,OK
2025-06-08 08:15:00,MAQ-02,Linea A,78.93,2.742,5.206,135,AVISO
2025-06-08 08:30:00,MAQ-02,Linea A,61.85,3.1,,87,OK
2025-06-08 08:45:00,MAQ-03,Linea B,71.18,2.111,5.471,157,OK
2025-06-08 09:00:00,MAQ-01,Linea A,92.78,3.924,4.787,109,ALARMA
2025-06-08 09:15:00,MAQ-04,Linea B,72.91,4.073,4.443,102,OK
2025-06-08 09:30:00,MAQ-03,Linea B,69.09,0.748,5.223,101,OK
2025-06-08 09:45:00,MAQ-03,Linea B,82.62,3.02,5.906,83,AVISO
2025-06-08 10:00:00,MAQ-01,Linea A,59.1,3.336,5.512,85,OK
2025-06-08 10:15:00,MAQ-02,Linea A,62.29,2.714,5.398,109,OK
2025-06-08 10:30:00,MAQ-04,Linea B,55.83,1.874,5.399,113,OK
2025-06-08 10:45:00,MAQ-02,Linea A,57.38,2.842,4.498,160,OK
2025-06-08 11:00:00,MAQ-04,Linea B,63.32,2.948,4.354,150,OK
2025-06-08 11:15:00,MAQ-02,Linea A,68.53,1.385,5.031,120,OK
2025-06-08 11:30:00,MAQ-02,Linea A,71.05,2.676,5.359,114,OK
2025-06-08 11:45:00,MAQ-04,Linea B,69.78,2.513,5.553,143,OK
